{
  "stream_sizes": [
    1000,
    5000,
    10000,
    50000,
    100000
  ],
  "incremental_ms": [
    0.4303749883547425,
    2.140541037078947,
    3.9625000208616257,
    16.72933396184817,
    35.36658303346485
  ],
  "baseline_ms": [
    0.2381670055910945,
    4.589207994285971,
    16.741500003263354,
    387.28537503629923,
    1587.1744589530863
  ],
  "window_size": 12
}