{
  "stream_sizes": [
    1000,
    5000,
    10000,
    50000
  ],
  "runtime_ms": [
    10.152833012398332,
    12.772540969308466,
    16.935499967075884,
    71.87524996697903
  ],
  "memory_kb": [
    129.8828125,
    160.0078125,
    215.7578125,
    1123.6953125
  ]
}